Name,Platform,Year_of_Release,Genre,Publisher,NA_Sales,EU_Sales,JP_Sales,Other_Sales,Global_Sales,Critic_Score,Critic_Count,User_Score,User_Count,Developer,Rating
7 Days to Die,PS4,2016,Action,Telltale Games,0.04,0.08,0,0.02,0.14,45,16,5.9,140,The Fun Pimps Entertainment LLC,M
7 Days to Die,XOne,2016,Action,Telltale Games,0.03,0.02,0,0,0.05,35,17,5.2,74,The Fun Pimps Entertainment LLC,M
Aegis of Earth: Protonovus Assault,PS4,2016,Action,PQube,0.02,0,0,0,0.03,57,11,7.8,9,Acquire,T
Agatha Christie's The ABC Murders,PS4,2016,Adventure,Microids,0.01,0.01,0,0,0.03,67,17,6.2,12,Microids,T
Alien: Isolation,PS4,2014,Shooter,Sega,0.34,0.57,0.04,0.17,1.13,79,50,8.1,795,Creative Assembly,M
Alien: Isolation,XOne,2014,Shooter,Sega,0.22,0.24,0,0.04,0.51,78,24,7.8,314,Creative Assembly,M
Angry Birds Star Wars,PS4,2013,Strategy,Activision,0.1,0.08,0,0.04,0.21,47,5,2,87,Exient Entertainment,E
Angry Birds Star Wars,XOne,2013,Strategy,Activision,0.11,0.04,0,0.02,0.16,53,4,6.9,63,Exient Entertainment,E
Anima - Gate of Memories,PS4,2016,Action,Avanquest,0,0.02,0,0,0.02,52,13,7.9,34,"Edge Entertainment, Anima Project",T
Arslan: The Warriors of Legend,PS4,2015,Action,Tecmo Koei,0.03,0.01,0.04,0.01,0.09,69,43,6.6,23,Omega Force,T
Assassin's Creed Chronicles: China,PS4,2015,Action,Ubisoft,0,0.03,0,0.01,0.04,69,44,6.4,83,"Climax Group, Climax Studios",T
Assassin's Creed IV: Black Flag,PS4,2013,Action,Ubisoft,1.07,1.31,0.06,0.42,2.85,83,29,7.8,1530,Ubisoft,M
Assassin's Creed Syndicate,PS4,2015,Action,Ubisoft,0.81,1.99,0.07,0.52,3.39,76,86,6.8,1319,Ubisoft Quebec,M
Assassin's Creed Syndicate,XOne,2015,Action,Ubisoft,0.62,0.56,0,0.11,1.3,78,22,6.1,402,Ubisoft Quebec,M
Assassin's Creed The Ezio Collection,PS4,2016,Action,Ubisoft,0.04,0.13,0,0.03,0.2,72,32,7.4,49,Ubisoft Montreal,M
Assassin's Creed The Ezio Collection,XOne,2016,Action,Ubisoft,0.03,0.04,0,0.01,0.08,74,13,7.6,24,Ubisoft Montreal,M
Assassin's Creed: Unity,PS4,2014,Action,Ubisoft,1.19,2.07,0.08,0.62,3.96,70,40,4.9,2050,"Ubisoft, Ubisoft Montreal",M
Assassin's Creed: Unity,XOne,2014,Action,Ubisoft,2.27,0.9,0,0.33,3.5,72,59,4.1,1005,"Ubisoft, Ubisoft Montreal",M
Assetto Corsa,PS4,2016,Racing,505 Games,0,0.05,0,0.01,0.06,73,35,6.2,70,Kunos Simulazioni,E
Assetto Corsa,XOne,2016,Racing,505 Games,0,0.01,0,0,0.02,63,9,6.7,27,Kunos Simulazioni,E
Batman: Arkham Knight,PS4,2015,Action,Warner Bros. Interactive Entertainment,1.53,1.69,0.1,0.64,3.95,87,89,7.6,2679,Rocksteady Studios,M
Batman: Arkham Knight,XOne,2015,Action,Warner Bros. Interactive Entertainment,0.88,0.47,0,0.14,1.49,85,16,6.6,694,Rocksteady Studios,M
Batman: Arkham VR,PS4,2016,Action,Warner Bros. Interactive Entertainment,0.25,0,0,0.06,0.3,75,59,7.3,89,Rocksteady Studios,M
Batman: Return to Arkham,PS4,2016,Action,Warner Bros. Interactive Entertainment,0.07,0.16,0,0.04,0.26,73,28,8.5,79,"Rocksteady Studios, Virtuos",T
Batman: Return to Arkham,XOne,2016,Action,Warner Bros. Interactive Entertainment,0.05,0.05,0,0.01,0.11,77,6,8.2,43,"Rocksteady Studios, Virtuos",T
Battleborn,PS4,2016,Shooter,Take-Two Interactive,0.12,0.08,0.02,0.04,0.26,68,55,6.8,402,Gearbox Software,T
Battleborn,XOne,2016,Shooter,Take-Two Interactive,0.1,0.04,0,0.01,0.15,71,20,7.2,171,Gearbox Software,T
Battlefield 1,PS4,2016,Shooter,Electronic Arts,1.1,2.15,0.21,0.61,4.08,88,31,8.4,809,EA DICE,M
Battlefield 1,XOne,2016,Shooter,Electronic Arts,1.28,0.77,0,0.2,2.25,87,37,8.2,440,EA DICE,M
Battlefield 4,PS4,2013,Shooter,Electronic Arts,1.35,1.55,0.17,0.51,3.59,85,18,6.9,1580,EA DICE,M
Battlefield 4,XOne,2013,Shooter,Electronic Arts,1.25,0.58,0,0.19,2.02,81,5,6.6,480,EA DICE,M
Battlefield: Hardline,PS4,2015,Shooter,Electronic Arts,0.71,0.94,0.14,0.32,2.1,73,46,5,845,Visceral Games,M
Battlefield: Hardline,XOne,2015,Shooter,Electronic Arts,0.72,0.37,0.01,0.11,1.21,71,27,5.1,299,Visceral Games,M
Battlezone,PS4,2016,Action,Rebellion Developments,0.02,0.02,0,0.01,0.04,66,39,7,31,Rebellion,T
BioShock The Collection,PS4,2016,Shooter,Take-Two Interactive,0.1,0.19,0.02,0.06,0.37,84,39,8.5,210,2K Games,M
BioShock The Collection,XOne,2016,Shooter,Take-Two Interactive,0.08,0.06,0,0.01,0.16,84,16,8.3,79,2K Games,M
Bladestorm: Nightmare,PS4,2015,Action,Tecmo Koei,0.08,0.04,0.03,0.02,0.17,58,33,6.5,21,Omega Force,T
Bladestorm: Nightmare,XOne,2015,Action,Tecmo Koei,0.03,0.02,0,0,0.05,48,6,7.1,8,Omega Force,T
BlazBlue Central Fiction,PS4,2016,Fighting,PQube,0.04,0,0.03,0.01,0.08,85,21,7.6,39,Arc System Works,T
BlazBlue: Chrono Phantasma Extend,PS4,2015,Action,PQube,0.07,0.03,0.02,0.02,0.14,80,10,7.7,31,Arc System Works,T
Bloodborne,PS4,2015,Action,Sony Computer Entertainment,1.03,0.81,0.26,0.38,2.48,92,100,8.6,6383,From Software,M
Borderlands: The Handsome Collection,PS4,2015,Shooter,Take-Two Interactive,0.38,0.33,0.03,0.14,0.88,82,49,7.8,345,Gearbox Software,M
Borderlands: The Handsome Collection,XOne,2015,Shooter,Take-Two Interactive,0.26,0.13,0,0.04,0.43,80,11,7.8,119,Gearbox Software,M
Bound By Flame,PS4,2014,Role-Playing,Focus Home Interactive,0.08,0.09,0,0.03,0.19,53,40,5.9,230,Spiders,M
Broken Sword 5: The Serpent's Curse,PS4,2015,Adventure,Revolution Software,0,0.06,0,0.01,0.07,72,14,7.2,23,Revolution Software,T
Broken Sword 5: The Serpent's Curse,XOne,2015,Adventure,Revolution Software,0,0.02,0,0,0.02,77,12,7.2,11,Revolution Software,T
Brothers: A Tale of Two Sons,PS4,2015,Adventure,505 Games,0.03,0.08,0,0.02,0.14,81,10,8.6,73,Starbreeze,T
Brothers: A Tale of Two Sons,XOne,2015,Adventure,505 Games,0.03,0.01,0,0,0.04,81,6,8.9,26,Starbreeze,T
Call of Duty: Advanced Warfare,PS4,2014,Shooter,Activision,2.81,3.48,0.14,1.23,7.66,83,39,5.7,1443,Sledgehammer Games,M
Call of Duty: Advanced Warfare,XOne,2014,Shooter,Activision,3.22,1.55,0.01,0.48,5.27,81,53,5.4,898,Sledgehammer Games,M
Call of Duty: Ghosts,PS4,2013,Shooter,Activision,1.78,1.43,0.05,0.57,3.83,78,49,3.7,1564,Infinity Ward,M
Call of Duty: Ghosts,XOne,2013,Shooter,Activision,1.88,0.77,0,0.27,2.92,78,7,4.3,700,Infinity Ward,M
Call of Duty: Infinite Warfare,PS4,2016,Shooter,Activision,1.61,2,0.15,0.71,4.46,77,82,3.4,1129,Infinity Ward,M
Call of Duty: Infinite Warfare,XOne,2016,Shooter,Activision,1.46,0.74,0,0.22,2.42,78,17,3.1,290,Infinity Ward,M
Carmageddon: Max Damage,XOne,2016,Action,Stainless Games,0.01,0.01,0,0,0.02,52,15,7.1,12,Stainless Games,M
Carmageddon: Max Damage,PS4,2016,Action,Stainless Games,0.01,0,0,0,0.01,51,28,5.5,39,Stainless Games,M
Child of Light,PS4,2014,Role-Playing,Ubisoft,0,0.01,0.04,0,0.05,82,46,8,451,Ubisoft Montreal,E10+
Dance Central: Spotlight,XOne,2014,Misc,Microsoft Game Studios,0.15,0.03,0,0,0.19,74,19,7,47,Harmonix Music Systems,T
Dark Souls III,PS4,2016,Role-Playing,Namco Bandai Games,0.65,0.45,0.34,0.22,1.65,89,69,8.8,1940,From Software,M
Darksiders: Warmastered Edition,PS4,2016,Action,Nordic Games,0.02,0,0,0,0.02,79,9,8.5,15,Nordic Games Publishing,M
Darksiders: Warmastered Edition,XOne,2016,Action,Nordic Games,0.01,0,0,0,0.01,80,13,7.9,14,Nordic Games Publishing,M
Dead Island Definitive Collection,PS4,2016,Action,Deep Silver,0.03,0.07,0.01,0.02,0.14,63,32,6.4,45,Techland,M
Dead Island Definitive Collection,XOne,2016,Action,Deep Silver,0.02,0.03,0,0,0.05,67,10,4.9,18,Techland,M
Dead Rising,PS4,2016,Action,Capcom,0.02,0,0.01,0.01,0.04,78,6,6.6,30,Capcom,M
Dead Rising 2,PS4,2016,Action,Capcom,0.01,0,0.01,0,0.03,82,4,6.6,8,Blue Castle Games,M
Dead Rising 3,XOne,2013,Action,Microsoft Game Studios,1.06,0.35,0.01,0.15,1.57,78,69,6.8,908,Capcom Vancouver,M
Deadpool,PS4,2015,Action,Activision,0.14,0.11,0,0.05,0.29,60,11,5.7,68,High Moon Studios,M
Destiny,PS4,2014,Shooter,Activision,2.49,2.07,0.16,0.92,5.64,76,95,6.1,5380,"Bungie Software, Bungie",T
Destiny,XOne,2014,Shooter,Activision,2.14,0.92,0,0.31,3.37,75,11,5.5,1735,"Bungie Software, Bungie",T
Destiny: The Taken King,PS4,2015,Shooter,Activision,0.78,0.79,0.04,0.31,1.93,86,81,6,1079,Bungie,T
Destiny: The Taken King,XOne,2015,Shooter,Activision,0.85,0.23,0,0.12,1.19,89,11,5.2,393,"Bungie Software, Bungie",T
Deus Ex: Mankind Divided,PS4,2016,Role-Playing,Square Enix,0.11,0.21,0,0.06,0.38,84,59,7.6,511,Eidos Montreal,M
Deus Ex: Mankind Divided,XOne,2016,Role-Playing,Square Enix,0.09,0.06,0,0.01,0.17,83,18,7.2,175,Eidos Montreal,M
Digimon Story: Cyber Sleuth,PS4,2016,Role-Playing,Namco Bandai Games,0,0.1,0,0.02,0.11,75,45,8.5,289,Media Vision,T
DiRT Rally,PS4,2016,Racing,Codemasters,0.04,0.27,0,0.05,0.37,85,46,8.1,196,Codemasters,E
DiRT Rally,XOne,2016,Racing,Codemasters,0.04,0.08,0,0.01,0.12,86,17,8,60,Codemasters,E
Disgaea 5: Alliance of Vengeance,PS4,2015,Role-Playing,Nippon Ichi Software,0.11,0.08,0.06,0.04,0.29,80,43,8.1,173,Nippon Ichi Software,T
Dishonored 2,PS4,2016,Action,Bethesda Softworks,0.22,0.32,0,0.1,0.64,88,56,7.7,569,Arkane Studios,M
Dishonored 2,XOne,2016,Action,Bethesda Softworks,0.12,0.08,0,0.02,0.22,88,22,6.8,156,Arkane Studios,M
Don Bradman Cricket 14,PS4,2015,Sports,Tru Blu Entertainment,0.01,0.09,0,0.02,0.12,76,4,7.4,19,Big Ant Studios,E
Dragon Age: Inquisition,PS4,2014,Role-Playing,Electronic Arts,0.73,0.88,0.08,0.32,2.01,89,43,7.4,1984,BioWare,M
Dragon Age: Inquisition,XOne,2014,Role-Playing,Electronic Arts,0.56,0.28,0,0.09,0.93,85,28,6.9,703,BioWare,M
Dragon Ball: XenoVerse,PS4,2015,Fighting,Namco Bandai Games,0.3,0.52,0.12,0.16,1.11,69,50,7.7,598,Dimps Corporation,T
Dragon Ball: XenoVerse,XOne,2015,Fighting,Namco Bandai Games,0.18,0.11,0,0.03,0.32,67,18,7.2,128,Dimps Corporation,T
Dragon Ball: Xenoverse 2,PS4,2016,Action,Namco Bandai Games,0.24,0.27,0.09,0.1,0.71,73,54,7.8,117,Dimps Corporation,T
Dragon Ball: Xenoverse 2,XOne,2016,Action,Namco Bandai Games,0.11,0.07,0,0.02,0.2,73,8,7.3,29,Dimps Corporation,T
DriveClub,PS4,2014,Racing,Sony Computer Entertainment,0.36,1.38,0.02,0.31,2.07,71,85,6.1,1571,Evolution Studios,E
DriveClub VR,PS4,2016,Racing,Sony Computer Entertainment,0.03,0.05,0,0.01,0.09,67,34,7.4,110,Evolution Studios,E
Duke Nukem 3D: 20th Anniversary World Tour,PS4,2016,Shooter,Gearbox Software,0.03,0,0,0.01,0.03,77,15,6.9,15,Gearbox Software,M
Dungeons 2,PS4,2016,Role-Playing,Kalypso Media,0.01,0,0,0,0.01,61,9,7.9,14,Kalypso,T
Dying Light,PS4,2015,Action,Warner Bros. Interactive Entertainment,0.96,0.67,0.12,0.34,2.09,74,58,7.9,1287,Techland,M
Dying Light,XOne,2015,Action,Warner Bros. Interactive Entertainment,0.86,0.3,0.01,0.12,1.29,74,26,7.8,387,Techland,M
Dynasty Warriors 8: Empires,PS4,2014,Action,Tecmo Koei,0.06,0.07,0.03,0.03,0.19,63,30,7.5,42,Omega Force,T
Dynasty Warriors 8: Empires,XOne,2014,Action,Tecmo Koei,0.04,0.02,0,0.01,0.07,58,10,6.8,15,Koei Tecmo Games,T
EA Sports UFC,PS4,2014,Sports,Electronic Arts,0.46,0.41,0.01,0.17,1.05,70,57,6.1,279,EA Sports,T
EA Sports UFC,XOne,2014,Sports,Electronic Arts,0.3,0.12,0,0.04,0.47,70,23,6.3,152,EA Sports,T
EA Sports UFC 2,PS4,2016,Sports,Electronic Arts,0.29,0.49,0,0.15,0.93,79,38,6.2,157,EA Sports,T
EA Sports UFC 2,XOne,2016,Sports,Electronic Arts,0.24,0.14,0,0.04,0.41,76,42,6,77,EA Sports,T
Eagle Flight,PS4,2016,Adventure,Ubisoft,0.01,0.05,0,0.01,0.07,72,31,7.8,22,"Ubisoft, FunHouse",E10+
Earth Defense Force 4.1: The Shadow of New Despair,PS4,2015,Shooter,Xseed Games,0.03,0.02,0,0.01,0.06,64,40,7.9,51,Sandlot,M
EVE: Valkyrie,PS4,2016,Shooter,CCP,0.03,0.05,0,0.02,0.1,73,26,6.3,37,CCP,T
Evolve,PS4,2015,Shooter,Take-Two Interactive,0.36,0.41,0.05,0.15,0.96,76,46,4.3,894,Turtle Rock Studios,M
Evolve,XOne,2015,Shooter,Take-Two Interactive,0.37,0.2,0,0.06,0.64,74,31,5.1,336,Turtle Rock Studios,M
Exist Archive: The Other Side of the Sky,PS4,2015,Role-Playing,Aksys Games,0.01,0,0.03,0,0.04,69,13,7.9,16,Tri-Ace,T
F1 2015,PS4,2015,Racing,Codemasters,0.09,0.45,0.03,0.1,0.66,65,46,6.3,43,Codemasters,E
F1 2015,XOne,2015,Racing,Codemasters,0.08,0.15,0,0.02,0.25,64,13,5.3,22,Codemasters,E
Fairy Fencer F: Advent Dark Force,PS4,2015,Role-Playing,Idea Factory International,0.02,0,0.05,0,0.07,71,21,6.2,34,Compile Heart,T
Fallout 4,PS4,2015,Role-Playing,Bethesda Softworks,2.53,3.27,0.24,1.13,7.16,87,58,6.5,4228,Bethesda Game Studios,M
Fallout 4,XOne,2015,Role-Playing,Bethesda Softworks,2.51,1.32,0.01,0.38,4.22,88,39,6.2,1749,Bethesda Game Studios,M
Fantasia: Music Evolved,XOne,2014,Misc,Disney Interactive Studios,0.11,0.03,0,0.01,0.15,77,48,7.5,67,Harmonix Music Systems,E10+
Far Cry 4,PS4,2014,Shooter,Ubisoft,1.13,2.18,0.1,0.63,4.04,85,83,7.7,1653,Ubisoft Montreal,M
Far Cry 4,XOne,2014,Shooter,Ubisoft,0.8,0.69,0.01,0.14,1.63,82,15,7.5,383,Ubisoft Montreal,M
Far Cry: Primal,PS4,2016,Action,Ubisoft,0.6,1.25,0.06,0.35,2.26,76,91,6.3,635,Ubisoft Montreal,M
Far Cry: Primal,XOne,2016,Action,Ubisoft,0.47,0.33,0,0.08,0.88,77,27,6.4,194,Ubisoft Montreal,M
Farming Simulator 17,PS4,2016,Simulation,Focus Home Interactive,0.05,0.31,0,0.06,0.41,69,17,8.7,12,Maximum Games,E
FIFA 14,PS4,2013,Sports,Electronic Arts,0.61,1.85,0.11,0.44,3.01,87,26,6.3,616,EA Canada,E
FIFA 14,XOne,2013,Sports,Electronic Arts,0.41,0.66,0,0.09,1.16,88,22,5.8,328,EA Canada,E
FIFA 15,PS4,2014,Sports,Electronic Arts,0.8,4.33,0.05,0.9,6.08,82,47,5.7,988,EA Sports,E
FIFA 15,XOne,2014,Sports,Electronic Arts,0.6,1.42,0,0.16,2.18,82,33,5.4,347,EA Sports,E
FIFA 16,PS4,2015,Sports,Electronic Arts,1.12,6.12,0.06,1.28,8.57,82,42,4.3,896,EA Sports,E
FIFA 16,XOne,2015,Sports,Electronic Arts,0.89,2.12,0,0.24,3.25,84,45,4.4,459,EA Sports,E
FIFA 17,PS4,2016,Sports,Electronic Arts,0.66,5.75,0.08,1.11,7.59,85,41,5,398,"EA Sports, EA Vancouver",E
FIFA 17,XOne,2016,Sports,Electronic Arts,0.43,2.05,0,0.17,2.65,84,50,5.5,201,"EA Sports, EA Vancouver",E
Fighter Within,XOne,2013,Fighting,Ubisoft,0.11,0.07,0,0.02,0.19,23,39,3,211,Ubisoft,T
Final Fantasy XIV: Heavensward,PS4,2015,Action,Square Enix,0,0.06,0.06,0.01,0.13,86,20,7.6,225,Square Enix,T
Forza Horizon 2,XOne,2014,Racing,Microsoft Game Studios,0.5,0.78,0.01,0.11,1.4,86,85,8.2,977,Playground Games,E10+
Forza Horizon 3,XOne,2016,Racing,Microsoft Game Studios,0.42,0.58,0,0.08,1.08,91,90,7.4,594,Playground Games,E
Forza Motorsport 5,XOne,2013,Racing,Microsoft Game Studios,1.21,0.79,0.01,0.19,2.2,79,76,5.9,1095,Turn 10,E
Forza Motorsport 6,XOne,2015,Racing,Microsoft Game Studios,0.73,0.9,0.03,0.14,1.8,87,85,7.9,863,Turn 10,E
Gears of War 4,XOne,2016,Shooter,Microsoft Game Studios,0.78,0.44,0,0.12,1.35,84,96,6.2,815,The Coalition,M
Gears of War: Ultimate Edition,XOne,2015,Shooter,Microsoft Game Studios,2.61,0.33,0,0.34,3.28,82,74,7.5,563,"Splash Damage, The Coalition",M
Goat Simulator,XOne,2016,Simulation,Koch Media,0,0.01,0,0,0.01,53,15,6.3,63,Coffee Stain Studios,T
God Eater 2: Rage Burst,PS4,2015,Role-Playing,Namco Bandai Games,0,0.01,0.09,0,0.11,69,35,8,79,Shift,T
God Eater Resurrection,PS4,2015,Action,Namco Bandai Games,0,0,0.08,0,0.08,70,18,7.8,44,"Shift, Bandai Namco Games",T
Grand Ages: Medieval,PS4,2015,Strategy,Kalypso Media,0,0.05,0.02,0.01,0.07,64,10,7.1,12,Gaming Minds Studios,T
Grand Kingdom,PS4,2015,Role-Playing,Nippon Ichi Software,0.03,0,0.03,0.01,0.07,78,33,8.1,63,Spike Chunsoft,T
Grand Theft Auto V,PS4,2014,Action,Take-Two Interactive,3.96,6.31,0.38,1.97,12.61,97,66,8.3,2899,Rockstar North,M
Grand Theft Auto V,XOne,2014,Action,Take-Two Interactive,2.81,2.19,0,0.47,5.48,97,14,7.9,764,Rockstar North,M
Gravity Rush Remastered,PS4,2015,Action,Sony Computer Entertainment,0.02,0.05,0.04,0.01,0.13,80,62,8.2,153,Bluepoint Games,T
Guitar Hero Live,PS4,2015,Misc,Activision,0.34,0.38,0,0.14,0.86,80,69,6.2,160,FreeStyleGames,T
Guitar Hero Live,XOne,2015,Misc,Activision,0.3,0.2,0,0.05,0.55,81,21,5.1,69,FreeStyleGames,T
Halo 5: Guardians,XOne,2015,Shooter,Microsoft Game Studios,2.78,1.27,0.03,0.41,4.48,84,101,6.4,2438,343 Industries,T
Halo: The Master Chief Collection,XOne,2014,Shooter,Microsoft Game Studios,1.91,1,0.03,0.29,3.23,85,69,7.2,1267,343 Industries,M
Hatsune Miku: Project Diva X,PS4,2016,Misc,Sega,0.02,0,0.02,0,0.05,78,22,7.4,41,Sega,T
Here They Lie,PS4,2016,Adventure,Sony Computer Entertainment,0,0.02,0,0,0.02,62,31,6.5,36,The Tangentlemen,M
Homefront: The Revolution,PS4,2016,Shooter,Deep Silver,0.06,0.21,0.03,0.05,0.35,48,43,3.8,212,Deep Silver Dambuster Studios,M
Homefront: The Revolution,XOne,2016,Shooter,Deep Silver,0.06,0.07,0,0.01,0.14,49,12,4.1,106,Deep Silver Dambuster Studios,M
Infamous: First Light,PS4,2014,Action,Sony Computer Entertainment,0,0.03,0,0,0.03,73,70,7.5,580,Sucker Punch,T
inFAMOUS: Second Son,PS4,2014,Action,Sony Computer Entertainment,1.28,0.98,0.07,0.46,2.79,80,90,7.9,2944,Sucker Punch,T
JoJo's Bizarre Adventure: Eyes of Heaven,PS4,2015,Fighting,Namco Bandai Games,0,0,0.03,0,0.03,61,35,7.4,44,CyberConnect2,T
Just Cause 3,PS4,2015,Action,Square Enix,0.47,1.03,0.07,0.28,1.86,73,42,6.5,403,Avalanche Studios,M
Just Cause 3,XOne,2015,Action,Square Enix,0.44,0.39,0,0.08,0.9,71,24,7,186,Avalanche Studios,M
Just Dance 2014,XOne,2013,Misc,Ubisoft,0.3,0.11,0,0.04,0.45,71,6,7,58,Ubisoft,E10+
Just Dance 2014,PS4,2013,Misc,Ubisoft,0.19,0.16,0,0.07,0.41,75,4,5.5,51,Ubisoft,E10+
Just Dance 2015,XOne,2014,Misc,Ubisoft,0.35,0.13,0,0.05,0.53,70,17,7.5,20,Ubisoft,E10+
Just Dance 2015,PS4,2014,Misc,Ubisoft,0.19,0.13,0,0.07,0.39,72,8,5.8,32,Ubisoft,E10+
Just Dance 2016,PS4,2015,Misc,Ubisoft,0.17,0.13,0,0.06,0.36,73,10,6.8,20,Ubisoft,E10+
Just Dance 2016,XOne,2015,Misc,Ubisoft,0.25,0.04,0,0.03,0.32,66,10,6.1,18,Ubisoft,E10+
Just Dance 2017,XOne,2016,Misc,Ubisoft,0.03,0,0,0,0.04,75,5,8,6,Ubisoft Paris,E10+
Killing Floor 2 ,PS4,2016,Shooter,Tripwire Interactive,0.03,0.01,0,0.01,0.05,76,39,8,57,Tripwire Interactive,M
Killzone: Shadow Fall,PS4,2013,Shooter,Sony Computer Entertainment,0.89,1.33,0.08,0.39,2.69,73,88,6.8,2102,Guerrilla,M
Kinect Sports Rivals,XOne,2014,Sports,Microsoft Game Studios,0.3,0.23,0.02,0.05,0.6,60,53,5.1,144,Microsoft Game Studios,E10+
Knack,PS4,2013,Platform,Sony Computer Entertainment Europe,0.43,0.68,0.42,0.2,1.73,54,83,6.5,1074,SCE Japan Studio,E10+
Lara Croft and the Temple of Osiris,PS4,2014,Action,Square Enix,0,0.07,0,0.01,0.09,74,40,6.7,128,Nixxes Software,T
Legend of Kay Anniversary,PS4,2015,Action,Nordic Games,0,0.02,0,0,0.03,62,22,6.4,11,"Neon Studios, Kaiko",E10+
Lego Batman 3: Beyond Gotham,PS4,2014,Action,Warner Bros. Interactive Entertainment,0.37,0.4,0,0.15,0.93,73,43,7.1,75,TT Games,E10+
Lego Batman 3: Beyond Gotham,XOne,2014,Action,Warner Bros. Interactive Entertainment,0.23,0.17,0,0.04,0.43,74,25,7.1,36,TT Games,E10+
LEGO Dimensions,PS4,2015,Action,Warner Bros. Interactive Entertainment,0.24,0.37,0,0.12,0.73,80,53,7.1,65,Traveller's Tales,E10+
LEGO Dimensions,XOne,2015,Action,Warner Bros. Interactive Entertainment,0.22,0.15,0,0.04,0.41,80,12,6.9,27,Traveller's Tales,E10+
LEGO Harry Potter Collection,PS4,2016,Action,Warner Bros. Interactive Entertainment,0.01,0.11,0,0.02,0.15,73,16,8.1,7,Warner Bros. Interactive Entertainment,E10+
LEGO Jurassic World,PS4,2015,Action,Warner Bros. Interactive Entertainment,0.32,0.42,0.02,0.14,0.9,70,46,7,80,TT Games,E10+
LEGO Jurassic World,XOne,2015,Action,Warner Bros. Interactive Entertainment,0.38,0.22,0,0.06,0.65,70,17,6.7,44,TT Games,E10+
LEGO Marvel Super Heroes,PS4,2013,Action,Warner Bros. Interactive Entertainment,0.59,0.76,0.01,0.26,1.62,83,22,7.7,262,TT Games,E10+
LEGO Marvel's Avengers,PS4,2016,Action,Warner Bros. Interactive Entertainment,0.26,0.35,0,0.12,0.73,71,70,7,87,TT Games,E10+
LEGO Marvel's Avengers,XOne,2016,Action,Warner Bros. Interactive Entertainment,0.19,0.12,0,0.03,0.35,71,18,5.1,15,TT Games,E10+
Lego Star Wars: The Force Awakens,PS4,2016,Action,Warner Bros. Interactive Entertainment,0.16,0.43,0.01,0.11,0.7,78,61,7.5,91,TT Games,E10+
Lego Star Wars: The Force Awakens,XOne,2016,Action,Warner Bros. Interactive Entertainment,0.14,0.13,0,0.02,0.3,76,11,7,18,TT Games,E10+
LEGO The Hobbit,PS4,2014,Action,Warner Bros. Interactive Entertainment,0.13,0.38,0,0.09,0.6,72,47,6.6,88,TT Games,E10+
LEGO The Hobbit,XOne,2014,Action,Warner Bros. Interactive Entertainment,0.13,0.12,0,0.02,0.27,69,20,6.8,36,TT Games,E10+
Life is Strange,PS4,2016,Adventure,Square Enix,0.15,0.15,0.03,0.06,0.4,85,23,8.6,672,DONTNOD Entertainment,M
Life is Strange,XOne,2016,Adventure,Square Enix,0.09,0.03,0,0.01,0.13,85,4,8.7,123,DONTNOD Entertainment,M
LittleBigPlanet 3,PS4,2014,Platform,Sony Computer Entertainment,0.66,0.93,0.01,0.31,1.91,79,78,7.1,506,Sumo Digital,E
Lords of the Fallen,PS4,2014,Role-Playing,Square Enix,0.18,0.24,0.02,0.08,0.52,68,45,6.6,425,"City Interactive, Deck 13",M
Lords of the Fallen,XOne,2014,Role-Playing,Square Enix,0.1,0.1,0,0.02,0.22,71,13,6.7,166,"City Interactive, Deck 13",M
Madden NFL 15,PS4,2014,Sports,Electronic Arts,1.54,0.25,0,0.4,2.19,81,37,6.1,208,EA Sports,E
Madden NFL 15,XOne,2014,Sports,Electronic Arts,1.31,0.09,0,0.16,1.57,80,19,6.4,138,EA Sports,E
Madden NFL 16,PS4,2015,Sports,Electronic Arts,2.34,0.3,0,0.6,3.24,83,37,5.9,180,EA Sports,E
Madden NFL 16,XOne,2015,Sports,Electronic Arts,2.08,0.08,0,0.26,2.42,84,23,6.1,124,EA Sports,E
Madden NFL 17,PS4,2016,Sports,Electronic Arts,1.25,0.17,0,0.32,1.75,82,35,4.9,83,EA Sports,E
Madden NFL 17,XOne,2016,Sports,Electronic Arts,1.08,0.02,0,0.13,1.23,83,30,5.9,39,EA Sports,E
Madden NFL 25,PS4,2013,Sports,Electronic Arts,0.63,0.13,0,0.15,0.9,74,13,5.2,118,EA Sports,E
Madden NFL 25,XOne,2013,Sports,Electronic Arts,0.67,0.05,0,0.08,0.81,73,18,5.9,111,EA Sports,E
Mafia III,PS4,2016,Action,Take-Two Interactive,0.42,1.08,0.03,0.28,1.81,68,66,5.1,1147,Hangar 13,M
Mafia III,XOne,2016,Action,Take-Two Interactive,0.28,0.29,0,0.05,0.62,67,20,4.6,274,Hangar 13,M
Mark McMorris Infinite Air,PS4,2016,Sports,FuRyu Corporation,0.01,0,0,0,0.02,49,15,6,29,HB Studios Multimedia,T
Mega Man Legacy Collection,PS4,2016,Platform,Capcom,0.07,0,0,0.02,0.08,77,22,6.1,55,Digital Eclipse,E
Metal Gear Solid V: Ground Zeroes,PS4,2014,Action,Konami Digital Entertainment,0.45,0.47,0.17,0.18,1.27,75,70,6.2,1311,Kojima Productions,M
Metal Gear Solid V: Ground Zeroes,XOne,2014,Action,Konami Digital Entertainment,0.15,0.11,0,0.02,0.29,76,13,5.4,348,Kojima Productions,M
Metal Gear Solid V: The Phantom Pain,PS4,2015,Action,Konami Digital Entertainment,1.09,1.36,0.49,0.48,3.41,93,86,8.2,3943,"Kojima Productions, Moby Dick Studio",M
Metal Gear Solid V: The Phantom Pain,XOne,2015,Action,Konami Digital Entertainment,0.41,0.26,0.01,0.07,0.75,95,10,7.3,900,"Kojima Productions, Moby Dick Studio",M
Middle-Earth: Shadow of Mordor,PS4,2014,Action,Warner Bros. Interactive Entertainment,1.01,1.43,0.05,0.47,2.96,84,85,8.1,1886,Monolith Productions,M
Middle-Earth: Shadow of Mordor,XOne,2014,Action,Warner Bros. Interactive Entertainment,0.73,0.5,0.01,0.12,1.35,87,12,8,585,Monolith Productions,M
Mighty No. 9,PS4,2016,Platform,Deep Silver,0.04,0,0,0.01,0.05,52,64,3.5,282,Inti Creates,E10+
Mighty No. 9,XOne,2016,Platform,Deep Silver,0.02,0,0,0,0.02,55,13,4.2,94,Inti Creates,E10+
Mirror's Edge Catalyst,PS4,2016,Platform,Electronic Arts,0.11,0.16,0.02,0.05,0.35,69,50,4.7,578,EA DICE,T
Mirror's Edge Catalyst,XOne,2016,Platform,Electronic Arts,0.09,0.06,0,0.01,0.16,72,46,4.4,266,EA DICE,T
MLB 14: The Show,PS4,2014,Sports,Sony Computer Entertainment America,0.58,0,0,0.14,0.72,83,17,7.7,205,SCEA San Diego Studios,E
MLB 15: The Show,PS4,2015,Sports,Sony Computer Entertainment,0.68,0.08,0,0.17,0.92,80,44,7.8,190,SCEA San Diego Studios,E
Mortal Kombat X,PS4,2015,Fighting,Warner Bros. Interactive Entertainment,1.5,0.8,0,0.48,2.78,83,81,7.7,836,"Warner Bros. Interactive Entertainment, NetherRealm Studios",M
Mortal Kombat X,XOne,2015,Fighting,Warner Bros. Interactive Entertainment,1.03,0.21,0,0.14,1.38,86,21,7.3,279,"Warner Bros. Interactive Entertainment, NetherRealm Studios",M
MotoGP 14 ,PS4,2014,Racing,Milestone S.r.l.,0.04,0.11,0,0.03,0.18,73,28,6.4,26,Milestone S.r.l,E
Murdered: Soul Suspect,PS4,2014,Action,Square Enix,0.09,0.16,0.02,0.05,0.32,59,60,6.9,310,Airtight Games,M
Murdered: Soul Suspect,XOne,2014,Action,Square Enix,0.08,0.07,0,0.01,0.16,51,17,7,130,Airtight Games,M
MX vs. ATV Supercross Encore,PS4,2015,Sports,Nordic Games,0,0.05,0,0.01,0.06,42,8,4.1,9,Rainbow Studios,E
Naruto Shippuden: Ultimate Ninja Storm 4,PS4,2016,Fighting,Namco Bandai Games,0.41,0.45,0.11,0.17,1.14,79,60,8.2,201,CyberConnect2,T
Naruto Shippuden: Ultimate Ninja Storm 4,XOne,2016,Fighting,Namco Bandai Games,0.21,0.07,0,0.03,0.3,81,11,8.5,51,CyberConnect2,T
NASCAR Heat Evolution,PS4,2016,Racing,Dusenberry Martin Racing,0.04,0,0,0.01,0.05,66,8,3.8,18,Dusenberry Martin Racing,E
Natural Doctrine,PS4,2014,Role-Playing,Nippon Ichi Software,0.05,0.02,0.02,0.01,0.1,53,31,6,79,Kadokawa,M
NBA 2K14,PS4,2013,Sports,Take-Two Interactive,0.89,0.31,0.01,0.23,1.45,85,20,6.5,368,Visual Concepts,E
NBA 2K14,XOne,2013,Sports,Take-Two Interactive,0.7,0.11,0,0.09,0.91,86,15,5.7,183,Visual Concepts,E
NBA 2K15,PS4,2014,Sports,Take-Two Interactive,1.47,0.54,0.01,0.43,2.45,83,50,7,291,Visual Concepts,E
NBA 2K15,XOne,2014,Sports,Take-Two Interactive,1.37,0.18,0,0.18,1.72,82,9,6.3,101,Visual Concepts,E
NBA 2K16,PS4,2015,Sports,Take-Two Interactive,2.49,0.66,0.03,0.69,3.88,87,51,6.7,364,Visual Concepts,E10+
NBA 2K16,XOne,2015,Sports,Take-Two Interactive,1.95,0.15,0,0.24,2.34,86,14,6.2,115,Visual Concepts,E10+
NBA 2K17,PS4,2016,Sports,Take-Two Interactive,1.25,0.27,0.02,0.34,1.88,88,47,6.7,162,Visual Concepts,E
NBA 2K17,XOne,2016,Sports,Take-Two Interactive,0.86,0.06,0,0.11,1.02,90,17,6.2,91,Visual Concepts,E
NBA Live 14,PS4,2013,Sports,Electronic Arts,0.15,0.05,0,0.04,0.24,43,25,2.7,175,EA Sports,E
NBA Live 14,XOne,2013,Sports,Electronic Arts,0.16,0.02,0,0.02,0.2,36,14,3.1,88,EA Sports,E
NBA Live 15,PS4,2014,Sports,Electronic Arts,0.16,0.04,0,0.04,0.23,59,24,5.6,86,EA Sports,E
NBA Live 15,XOne,2014,Sports,Electronic Arts,0.17,0.02,0,0.02,0.21,53,9,6.8,53,EA Sports,E
NBA Live 16,PS4,2015,Sports,Electronic Arts,0.1,0.04,0,0.03,0.18,59,27,6.1,70,EA Sports,E
NBA Live 16,XOne,2015,Sports,Electronic Arts,0.09,0.01,0,0.01,0.11,60,17,5.6,62,EA Sports,E
Need for Speed Rivals,PS4,2013,Racing,Electronic Arts,0.73,0.92,0.03,0.3,1.98,80,53,6.2,667,Ghost Games,E10+
Need for Speed Rivals,XOne,2013,Racing,Electronic Arts,0.46,0.17,0,0.07,0.69,75,18,5.8,175,Ghost Games,E10+
NHL 15,PS4,2014,Sports,Electronic Arts,0.31,0.19,0,0.1,0.6,60,28,3.6,306,EA Sports,E10+
NHL 15,XOne,2014,Sports,Electronic Arts,0.31,0.06,0,0.04,0.41,59,22,3.2,180,EA Sports,E10+
NHL 16,PS4,2015,Sports,Electronic Arts,0.36,0.16,0,0.11,0.63,78,28,5.5,157,"EA Sports, EA Canada",E10+
NHL 16,XOne,2015,Sports,Electronic Arts,0.38,0.05,0,0.05,0.48,80,18,6,81,"EA Sports, EA Canada",E10+
NHL 17,PS4,2016,Sports,Electronic Arts,0.19,0.08,0,0.06,0.33,78,26,5.8,67,"EA Canada, EA Vancouver",E10+
NHL 17,XOne,2016,Sports,Electronic Arts,0.2,0.01,0,0.03,0.24,77,23,4,38,"EA Canada, EA Vancouver",E10+
Nights of Azure,PS4,2015,Action,Tecmo Koei,0.03,0.02,0,0.01,0.06,67,40,7.6,71,Gust,T
Nitroplus Blasterz: Heroines Infinite Duel,PS4,2015,Fighting,Marvelous Interactive,0.01,0,0.02,0,0.04,70,33,6.9,28,"Examu, Marvelous Inc.",T
No Man's Sky,PS4,2016,Action,Hello Games,0.63,0.76,0.03,0.27,1.7,71,94,4.5,5096,Hello Games,T
Nobunaga's Ambition: Sphere of Influence,PS4,2014,Strategy,Tecmo Koei,0.03,0,0,0.01,0.04,80,20,8.1,46,Koei Tecmo Games,T
Odin Sphere: Leifthrasir,PS4,2016,Role-Playing,Nippon Ichi Software,0.07,0.04,0.07,0.02,0.2,87,49,8.2,178,Vanillaware,T
Omega Quintet,PS4,2014,Role-Playing,Compile Heart,0,0,0.02,0,0.02,58,22,7.1,81,Compile Heart,T
One Piece: Burning Blood,PS4,2016,Fighting,Namco Bandai Games,0.11,0.13,0.07,0.05,0.35,66,45,7.8,49,Spike Chunsoft,T
One Piece: Burning Blood,XOne,2016,Fighting,Namco Bandai Games,0.03,0.02,0,0.01,0.06,60,10,5.8,12,Spike Chunsoft,T
One Piece: Pirate Warriors 3,PS4,2015,Action,Namco Bandai Games,0.09,0.22,0.1,0.06,0.46,74,34,7.4,118,Omega Force,T
Onechanbara Z2: Chaos,PS4,2014,Action,Nippon Ichi Software,0.14,0.03,0.04,0.04,0.24,57,40,6.5,72,"Tamsoft, D3Publisher",M
Overwatch,PS4,2016,Shooter,Activision,0.81,0.85,0.15,0.33,2.14,90,31,6.1,1358,Blizzard Entertainment,T
Overwatch,XOne,2016,Shooter,Activision,0.63,0.33,0,0.1,1.06,91,18,5.6,668,Blizzard Entertainment,T
Plants vs. Zombies: Garden Warfare,XOne,2014,Shooter,Electronic Arts,0.39,0.23,0,0.06,0.69,76,65,7.4,438,PopCap,E10+
Plants vs. Zombies: Garden Warfare,PS4,2014,Shooter,Electronic Arts,0.21,0.29,0.01,0.1,0.61,75,23,7.6,259,PopCap,E10+
Plants vs. Zombies: Garden Warfare 2,PS4,2016,Shooter,Electronic Arts,0.2,0.21,0,0.08,0.49,81,29,7.7,111,PopCap,E10+
Plants vs. Zombies: Garden Warfare 2,XOne,2016,Shooter,Electronic Arts,0.29,0.15,0,0.04,0.48,80,64,8.1,79,PopCap,E10+
PlayStation VR Worlds,PS4,2016,Misc,Sony Computer Entertainment,0.06,0.14,0.02,0.04,0.25,59,48,7.1,73,Sony Interactive Entertainment,M
Prison Architect,PS4,2016,Action,Introversion Software,0.01,0.01,0,0.01,0.03,80,18,8,19,"Introversion, Double Eleven",M
Pro Evolution Soccer 2015,PS4,2014,Sports,Konami Digital Entertainment,0.09,0.45,0.11,0.1,0.75,82,56,7.2,386,Konami,E
Pro Evolution Soccer 2015,XOne,2014,Sports,Konami Digital Entertainment,0.03,0.1,0,0.01,0.14,79,9,7.3,65,Konami,E
Pro Evolution Soccer 2016,PS4,2015,Sports,Konami Digital Entertainment,0.13,0.42,0.13,0.1,0.79,87,54,7.1,680,Konami,E
Pro Evolution Soccer 2016,XOne,2015,Sports,Konami Digital Entertainment,0.04,0.06,0,0.01,0.11,85,14,6.2,144,Konami,E
Pro Evolution Soccer 2017,PS4,2016,Sports,Konami Digital Entertainment,0.02,0.27,0.11,0.05,0.45,85,61,7.6,478,Konami,E
Pro Evolution Soccer 2017,XOne,2016,Sports,Konami Digital Entertainment,0.01,0.03,0,0,0.05,87,12,6.1,84,Konami,E
Project CARS,PS4,2015,Racing,Slightly Mad Studios,0.2,0.7,0.02,0.16,1.09,83,37,6.6,363,Slightly Mad Studios,E
Project CARS,XOne,2015,Racing,Slightly Mad Studios,0.11,0.13,0,0.02,0.26,81,16,5.8,135,Slightly Mad Studios,E
Project Spark,XOne,2014,Misc,Microsoft Game Studios,0.11,0.05,0,0.02,0.17,73,26,7,151,Microsoft Game Studios,E10+
Prototype: Biohazard Bundle,PS4,2016,Action,Activision,0.01,0,0,0,0.02,48,4,2,53,Radical Entertainment,M
Prototype: Biohazard Bundle,XOne,2016,Action,Activision,0.01,0,0,0,0.01,56,4,3.1,14,Radical Entertainment,M
Psycho-Pass: Mandatory Happiness,PS4,2016,Adventure,Nippon Ichi Software,0.03,0,0,0.01,0.04,72,26,8.3,19,5pb,T
Putty Squad,PS4,2013,Platform,System 3,0.06,0.07,0,0.03,0.16,38,8,2.9,52,System 3,E10+
Quantum Break,XOne,2016,Action,Microsoft Game Studios,0.3,0.2,0.01,0.05,0.56,77,106,6.8,1659,Remedy Entertainment,M
Rare Replay,XOne,2015,Misc,Microsoft Game Studios,0.49,0.22,0.01,0.07,0.79,84,75,7.7,325,Rare Ltd.,M
Rayman Legends,PS4,2014,Platform,Ubisoft,0.22,0.64,0,0.16,1.01,90,16,8.5,525,Ubisoft Montpellier,E10+
Rayman Legends,XOne,2014,Platform,Ubisoft,0.13,0.18,0,0.03,0.34,91,6,7.9,218,Ubisoft Montpellier,E10+
ReCore,XOne,2016,Action,Microsoft Game Studios,0.08,0.05,0,0.01,0.15,63,75,6.6,445,"Armature Studio, comcept",T
Republique,PS4,2016,Action,Nippon Ichi Software,0,0.01,0.01,0,0.01,72,35,5.8,29,"Camouflaj, LLC",M
Resident Evil 6,PS4,2016,Shooter,Capcom,0.06,0,0,0.01,0.08,60,19,6.7,94,Capcom,M
Resident Evil 6,XOne,2016,Shooter,Capcom,0.04,0,0,0,0.05,63,12,6.3,34,Capcom,M
Resident Evil: Revelations 2,PS4,2015,Action,Capcom,0.13,0.24,0.1,0.07,0.55,75,30,7.7,284,Capcom,M
Resident Evil: Revelations 2,XOne,2015,Action,Capcom,0.07,0.02,0,0.01,0.1,75,22,7.5,106,Capcom,M
Ride,PS4,2015,Racing,Milestone S.r.l.,0.04,0.13,0.03,0.03,0.22,66,30,7,47,Milestone S.r.l,E
Ride,XOne,2015,Racing,Milestone S.r.l.,0.04,0.05,0,0.01,0.1,54,9,5.3,17,Milestone S.r.l,E
Ride 2,PS4,2016,Racing,Milestone S.r.l,0,0.04,0,0.01,0.05,71,19,8,12,Milestone S.r.l,E
RIGS: Mechanized Combat League,PS4,2016,Action,Sony Computer Entertainment,0.03,0.05,0.01,0.02,0.11,79,42,7.9,76,Guerilla Cambridge,T
Rise of the Tomb Raider,XOne,2015,Adventure,Square Enix,0.55,0.7,0.02,0.11,1.38,86,102,8,1288,Crystal Dynamics,M
Rock Band 4,XOne,2015,Misc,Harmonix Music Systems,0.38,0.04,0,0.05,0.47,79,27,6.4,54,Harmonix Music Systems,T
Rock Band 4,PS4,2015,Misc,Harmonix Music Systems,0.26,0.05,0,0.07,0.38,78,51,6.3,87,Harmonix Music Systems,T
Rocket League,PS4,2016,Sports,505 Games,0.03,0.28,0,0.05,0.37,85,50,8.7,1290,Psyonix,E
Rocket League,XOne,2016,Sports,505 Games,0.05,0.17,0,0.02,0.24,87,22,8.3,194,Psyonix,E
Rory McIlroy PGA Tour,PS4,2015,Action,Electronic Arts,0.18,0.25,0,0.08,0.52,61,33,3.7,78,EA Tiburon,E
Rory McIlroy PGA Tour,XOne,2015,Action,Electronic Arts,0.16,0.09,0,0.02,0.27,60,26,4.3,77,EA Tiburon,E
Rugby 15,PS4,2015,Sports,Bigben Interactive,0.04,0.06,0,0.02,0.11,19,5,3.4,65,HB Studios Multimedia,E
Rugby 15,XOne,2015,Sports,Bigben Interactive,0.03,0.05,0,0.01,0.09,20,4,3.1,30,HB Studios Multimedia,E
Rugby Challenge 3,PS4,2016,Sports,Alternative Software,0,0.04,0,0.01,0.04,64,4,6.8,12,Wicked Witch Software,E
Rugby World Cup 2015,PS4,2015,Sports,Ubisoft,0,0.05,0,0.01,0.06,25,6,1.9,39,HB Studios Multimedia,E
Ryse: Son of Rome,XOne,2013,Action,Microsoft Game Studios,0.83,0.43,0,0.13,1.38,60,77,6.1,1409,Crytek,M
SÃ©bastien Loeb Rally Evo,PS4,2016,Racing,Milestone S.r.l,0,0.04,0,0.01,0.04,71,28,8.1,73,Milestone S.r.l,E
SÃ©bastien Loeb Rally Evo,XOne,2016,Racing,Milestone S.r.l,0,0.01,0,0,0.01,63,8,8.2,22,Milestone S.r.l,E
Saint Seiya: Soldiers' Soul,PS4,2015,Fighting,Namco Bandai Games,0,0.12,0.04,0.02,0.18,59,30,7.8,45,Dimps Corporation,T
Saints Row: Gat out of Hell,PS4,2015,Action,Deep Silver,0,0.04,0,0.01,0.05,64,45,5.7,98,Volition Inc.,M
Saints Row: Gat out of Hell,XOne,2015,Action,Deep Silver,0,0.01,0,0,0.01,65,16,6,27,Volition Inc.,M
Samurai Warriors 4,PS4,2014,Action,Tecmo Koei,0.08,0.07,0.06,0.03,0.24,76,31,8.1,74,Omega Force,T
Samurai Warriors 4: Empires,PS4,2015,Action,Tecmo Koei,0.02,0.01,0.06,0.01,0.1,71,29,6.5,15,Omega Force,T
Samurai Warriors 4-II,PS4,2015,Action,Tecmo Koei,0.03,0.02,0.06,0.01,0.12,73,26,7.3,24,Omega Force,T
Senran Kagura: Estival Versus,PS4,2015,Action,Marvelous Interactive,0.08,0,0.08,0.02,0.18,67,25,8,96,Marvelous Inc.,M
Shape Up,XOne,2014,Misc,Ubisoft,0.08,0.09,0,0.01,0.18,58,6,8.3,28,Ubisoft Montreal,E
Sherlock Holmes: The Devil's Daughter,PS4,2016,Adventure,Bigben Interactive,0.01,0,0,0,0.01,70,27,6.8,64,Frogwares,T
Shovel Knight,PS4,2015,Platform,Yacht Club Games,0.03,0.03,0,0.01,0.08,90,18,7.6,312,Yacht Club Games,E
Skylanders Imaginators,PS4,2016,Platform,Activision,0.04,0.08,0,0.02,0.14,80,47,5.5,17,Toys for Bob,E10+
Skylanders Imaginators,XOne,2016,Platform,Activision,0.05,0.04,0,0.01,0.1,78,14,6,8,Toys for Bob,E10+
Skylanders SWAP Force,PS4,2013,Platform,Activision,0.2,0.12,0,0.06,0.39,79,7,5.2,45,Vicarious Visions,E10+
Skylanders: SuperChargers,PS4,2015,Action,Activision,0.17,0.08,0,0.05,0.31,81,51,3.3,29,Vicarious Visions,E10+
Skylanders: SuperChargers,XOne,2015,Action,Activision,0.17,0.05,0,0.02,0.24,76,15,5.5,17,Vicarious Visions,E10+
Skylanders: Trap Team,PS4,2014,Action,Activision,0.19,0.18,0,0.07,0.44,78,46,5.6,32,Toys for Bob,E10+
Sniper Elite 3,PS4,2014,Shooter,505 Games,0.24,0.34,0,0.11,0.68,67,41,7.1,178,Rebellion,M
Sniper Elite 3,XOne,2014,Shooter,505 Games,0.2,0.11,0,0.03,0.35,63,12,6.6,68,Rebellion,M
Song of the Deep,PS4,2016,Action,Insomniac Games,0.06,0,0,0.01,0.08,69,41,7.3,30,Insomniac Games,E
Song of the Deep,XOne,2016,Action,Insomniac Games,0.05,0,0,0.01,0.06,66,12,6.9,20,Insomniac Games,E
Steins;Gate 0,PS4,2015,Adventure,PQube,0,0,0.05,0,0.05,81,17,8.3,29,5pb,M
Street Fighter V,PS4,2016,Fighting,Capcom,0.4,0.28,0.08,0.14,0.9,77,80,3.4,1221,Capcom,T
Sunset Overdrive,XOne,2014,Shooter,Microsoft Game Studios,0.63,0.4,0,0.1,1.14,81,89,7.7,1137,Insomniac Games,M
Super Dungeon Bros,PS4,2016,Action,Nordic Games,0.01,0,0,0,0.01,42,9,2.3,7,React Games,E10+
Super Stardust Ultra VR,PS4,2016,Shooter,Sony Computer Entertainment,0,0.01,0,0,0.01,66,13,6.2,13,Sony Interactive Entertainment,E10+
Sword Art Online: Hollow Realization,PS4,2016,Role-Playing,Namco Bandai Games,0.06,0.02,0.1,0.02,0.19,69,32,7.7,52,Bandai Namco Games,T
Sword Art Online: Lost Song,PS4,2015,Role-Playing,Namco Bandai Games,0.1,0.11,0,0.04,0.25,63,32,6.3,60,"Bandai Namco Games, Artdink",T
Tales of Zestiria,PS4,2015,Role-Playing,Namco Bandai Games,0.17,0.15,0.02,0.06,0.4,72,59,6.8,315,Bandai Namco Games,T
Tearaway Unfolded,PS4,2015,Platform,Sony Computer Entertainment,0.09,0.13,0,0.04,0.26,81,70,8.1,188,Media Molecule,E
Teenage Mutant Ninja Turtles: Mutants in Manhattan,PS4,2016,Action,Activision,0.05,0.02,0,0.02,0.09,44,49,5.5,163,PlatinumGames,T
Teenage Mutant Ninja Turtles: Mutants in Manhattan,XOne,2016,Action,Activision,0.03,0.01,0,0,0.04,55,14,6,38,PlatinumGames,T
Terraria,PS4,2014,Action,505 Games,0,0.05,0.01,0.01,0.07,83,4,7.9,47,Engine Software,T
Terraria,XOne,2014,Action,505 Games,0,0.04,0,0,0.04,84,5,7.7,29,Engine Software,T
The Crew,PS4,2014,Racing,Ubisoft,0.35,1.08,0.03,0.26,1.72,61,60,5.4,575,"Ubisoft Reflections, Ivory Tower",T
The Crew,XOne,2014,Racing,Ubisoft,0.25,0.34,0,0.05,0.64,64,18,5.9,176,"Ubisoft Reflections, Ivory Tower",T
The Crew: Wild Run,PS4,2015,Action,Ubisoft,0,0.08,0,0.01,0.1,73,13,6.8,50,Ivory Tower,T
The Crew: Wild Run,XOne,2015,Action,Ubisoft,0,0.02,0,0,0.02,65,5,6.6,21,Ivory Tower,T
The Elder Scrolls Online,XOne,2015,Role-Playing,Bethesda Softworks,0.78,0.38,0,0.12,1.28,77,11,8.4,613,ZeniMax Media,M
The Evil Within,PS4,2014,Action,Bethesda Softworks,0.55,0.86,0.11,0.27,1.79,75,65,7.3,1223,Tango Gameworks,M
The Evil Within,XOne,2014,Action,Bethesda Softworks,0.35,0.25,0,0.06,0.67,79,24,7.3,430,Tango Gameworks,M
The Golf Club,PS4,2014,Sports,Unknown,0.05,0.02,0,0.01,0.08,66,11,6.3,67,HB Studios Multimedia,E
The Golf Club,XOne,2014,Sports,Unknown,0.03,0,0,0,0.03,64,15,5.4,59,HB Studios Multimedia,E
The King of Fighters XIV,PS4,2016,Fighting,Deep Silver,0.07,0.02,0.04,0.02,0.15,79,54,8.7,208,SNK Playmore,T
The LEGO Movie Videogame,PS4,2014,Action,Warner Bros. Interactive Entertainment,0.24,0.31,0.01,0.11,0.67,71,31,7.1,98,TT Games,E10+
The LEGO Movie Videogame,XOne,2014,Action,Warner Bros. Interactive Entertainment,0.35,0.13,0,0.05,0.53,69,18,6.9,49,TT Games,E10+
The Order: 1886,PS4,2015,Shooter,Sony Computer Entertainment,0.61,0.78,0.06,0.27,1.74,63,94,6.6,3172,"Ready at Dawn, SCE Santa Monica",M
The Peanuts Movie: Snoopy's Grand Adventure,PS4,2015,Action,Activision,0,0.02,0,0,0.03,59,4,6.6,19,"Activision, Behaviour Interactive",E
The Talos Principle,PS4,2015,Puzzle,Devolver Digital,0,0.02,0,0,0.03,88,31,8.4,124,Croteam,E10+
The Technomancer,PS4,2016,Role-Playing,Focus Home Interactive,0.02,0.04,0,0.01,0.06,60,38,6.7,116,Spiders,M
The Technomancer,XOne,2016,Role-Playing,Focus Home Interactive,0.01,0.01,0,0,0.03,68,12,7.4,55,Spiders,M
The Witcher 3: Wild Hunt,PS4,2015,Role-Playing,Namco Bandai Games,1.02,2.13,0.23,0.59,3.97,92,79,9.2,10179,CD Projekt Red Studio,M
The Witcher 3: Wild Hunt,XOne,2015,Role-Playing,Namco Bandai Games,0.69,0.5,0,0.11,1.31,91,13,9.2,3963,CD Projekt Red Studio,M
The Wolf Among Us,PS4,2014,Adventure,Telltale Games,0.1,0.07,0,0.04,0.21,83,6,8.4,259,Telltale Games,M
Titanfall,XOne,2014,Shooter,Electronic Arts,1.84,0.8,0.04,0.27,2.95,86,68,6.4,2658,Respawn Entertainment,M
Titanfall 2,PS4,2016,Shooter,Electronic Arts,0.34,0.25,0.05,0.12,0.75,89,56,8.4,704,Respawn Entertainment,M
Titanfall 2,XOne,2016,Shooter,Electronic Arts,0.37,0.15,0,0.05,0.57,87,31,8,261,Respawn Entertainment,M
Tom Clancy's Rainbow Six: Siege,PS4,2015,Shooter,Ubisoft,0.55,1.19,0.14,0.33,2.21,73,40,7.3,480,Ubisoft Montreal,M
Tom Clancy's Rainbow Six: Siege,XOne,2015,Shooter,Ubisoft,0.77,0.45,0,0.12,1.34,74,24,6.9,252,Ubisoft Montreal,M
Tom Clancy's The Division,PS4,2016,Shooter,Ubisoft,1.35,1.7,0.15,0.6,3.8,80,64,7,2219,Massive Entertainment,M
Tom Clancy's The Division,XOne,2016,Shooter,Ubisoft,1.29,0.68,0,0.2,2.16,80,33,6.9,614,Massive Entertainment,M
Tony Hawk's Pro Skater 5,PS4,2015,Sports,Activision,0.09,0.08,0,0.03,0.21,32,43,1.5,427,Robomodo,T
Tony Hawk's Pro Skater 5,XOne,2015,Sports,Activision,0.09,0.02,0,0.01,0.12,39,18,2.1,132,Robomodo,T
Touhou Genso Rondo: Bullet Ballet,PS4,2016,Shooter,Nippon Ichi Software,0.02,0,0,0,0.02,55,19,4.7,34,"Mediascape, CUBETYPE",E10+
Toukiden Kiwami,PS4,2015,Action,Tecmo Koei,0.05,0.07,0.02,0.02,0.17,74,35,7.6,74,Koei Tecmo Games,T
Tour de France 2014,PS4,2014,Sports,Focus Home Interactive,0,0.03,0,0,0.03,53,9,5.1,22,Cyanide,E
TrackMania Turbo,PS4,2016,Action,Ubisoft,0.03,0.26,0,0.05,0.35,81,52,7.9,110,Nadeo,E
TrackMania Turbo,XOne,2016,Action,Ubisoft,0.02,0.04,0,0,0.06,76,12,7.7,27,Nadeo,E
Transformers: Devastation,PS4,2015,Action,Activision,0.1,0.09,0,0.04,0.23,77,50,7.5,160,PlatinumGames,T
Transformers: Devastation,XOne,2015,Action,Activision,0.09,0.04,0,0.01,0.14,75,25,7.9,55,PlatinumGames,T
Trials Fusion,PS4,2014,Racing,Ubisoft,0.13,0.22,0.01,0.07,0.42,79,51,7.2,244,RedLynx,E10+
Trials Fusion,XOne,2014,Racing,Ubisoft,0.12,0.1,0,0.02,0.24,80,28,7.1,158,RedLynx,E10+
Tropico 5,PS4,2015,Simulation,Kalypso Media,0.06,0.16,0.06,0.04,0.31,76,17,7.1,110,Haemimont,T
UEFA Euro 2016,PS4,2016,Sports,Konami Digital Entertainment,0,0.22,0.04,0.04,0.29,72,7,6.6,8,Konami,E
Ultra Street Fighter IV,PS4,2015,Fighting,Capcom,0,0.08,0,0.01,0.1,71,28,5.9,94,Other Ocean Interactive,T
Uncharted 4: A Thief's End,PS4,2016,Shooter,Sony Computer Entertainment,1.85,2.5,0.19,0.85,5.38,93,113,7.9,7064,Naughty Dog,T
Uncharted: The Nathan Drake Collection,PS4,2015,Action,Sony Computer Entertainment,2.07,1.71,0.08,0.76,4.62,86,78,8.1,1264,Bluepoint Games,T
Until Dawn,PS4,2015,Adventure,Sony Computer Entertainment Europe,0.45,0.9,0.05,0.26,1.66,79,103,8.2,2161,SuperMassive Games,M
Until Dawn: Rush of Blood,PS4,2016,Adventure,Sony Computer Entertainment,0.18,0.15,0,0.07,0.39,72,49,8,68,SuperMassive Games,M
Valentino Rossi: The Game,PS4,2016,Racing,Namco Bandai Games,0.01,0.05,0,0.01,0.08,75,19,8,50,"Milestone, Milestone S.r.l",E
Valentino Rossi: The Game,XOne,2016,Racing,Namco Bandai Games,0.01,0.02,0,0,0.03,74,5,8.1,7,Milestone S.r.l,E
Wasteland 2,XOne,2015,Role-Playing,Deep Silver,0.04,0.01,0,0.01,0.05,77,13,7.1,56,InXile Entertainment,M
Watch Dogs,PS4,2014,Action,Ubisoft,1.4,1.9,0.11,0.64,4.05,80,80,6.3,2996,Ubisoft Montreal,M
Watch Dogs,XOne,2014,Action,Ubisoft,0.9,0.53,0,0.14,1.57,78,15,5.8,712,Ubisoft Montreal,M
Watch Dogs 2,PS4,2016,Action,Ubisoft,0.37,0.58,0,0.18,1.13,83,88,7.8,621,Ubisoft Montreal,M
Watch Dogs 2,XOne,2016,Action,Ubisoft,0.17,0.16,0,0.03,0.36,83,9,7.7,131,Ubisoft Montreal,M
Wolfenstein: The New Order,PS4,2014,Shooter,Bethesda Softworks,0.47,0.8,0.03,0.24,1.55,79,73,8.1,1116,MachineGames,M
Wolfenstein: The New Order,XOne,2014,Shooter,Bethesda Softworks,0.34,0.28,0,0.06,0.68,79,18,7.8,397,MachineGames,M
World of Final Fantasy,PS4,2016,Role-Playing,Square Enix,0.08,0.14,0.08,0.04,0.33,77,74,8.3,222,Square Enix,E10+
Worms: WMD,PS4,2016,Action,Sold Out,0.01,0.02,0,0,0.03,78,23,7.6,19,Team 17,E10+
Worms: WMD,XOne,2016,Action,Sold Out,0.01,0,0,0,0.01,75,24,8.1,7,Team 17,E10+
WWE 2K15,PS4,2014,Sports,Take-Two Interactive,0.39,0.57,0,0.19,1.15,62,44,5.1,164,Yuke's,T
WWE 2K15,XOne,2014,Sports,Take-Two Interactive,0.29,0.23,0,0.05,0.57,56,25,5.7,63,Yuke's,T
WWE 2K16,PS4,2015,Sports,Take-Two Interactive,0.41,0.6,0,0.2,1.21,73,47,7.4,237,Yuke's,T
WWE 2K16,XOne,2015,Sports,Take-Two Interactive,0.32,0.22,0,0.05,0.59,72,18,5.7,75,Yuke's,T
WWE 2K17,PS4,2016,Sports,Take-Two Interactive,0.17,0.34,0,0.09,0.6,69,50,6.9,88,Yuke's,T
WWE 2K17,XOne,2016,Sports,Take-Two Interactive,0.12,0.12,0,0.02,0.26,68,12,5.5,27,Yuke's,T
XCOM 2,PS4,2016,Strategy,Take-Two Interactive,0.04,0.08,0,0.02,0.14,88,28,8,116,Firaxis Games,T
XCOM 2,XOne,2016,Strategy,Take-Two Interactive,0.02,0.02,0,0,0.05,87,17,8.1,40,Firaxis Games,T
Zumba Fitness: World Party,XOne,2013,Misc,Majesco Entertainment,0.17,0.05,0,0.02,0.24,73,5,6.2,40,Zoe Mode,E